{
  "accuracy": [
    0.6520833373069763,
    0.7895833253860474,
    0.8416666388511658,
    0.8604166507720947,
    0.8958333134651184,
    0.8979166746139526,
    0.8916666507720947,
    0.9104166626930237,
    0.9270833134651184,
    0.9145833253860474,
    0.793749988079071,
    0.8187500238418579,
    0.8583333492279053,
    0.8708333373069763
  ],
  "loss": [
    0.6382717490196228,
    0.4698042571544647,
    0.3946029245853424,
    0.3595447242259979,
    0.29894888401031494,
    0.2940255403518677,
    0.2739962637424469,
    0.234914630651474,
    0.2245366871356964,
    0.237747460603714,
    0.4208877682685852,
    0.4030444324016571,
    0.35176733136177063,
    0.3244592249393463
  ],
  "val_accuracy": [
    0.7250000238418579,
    0.7583333253860474,
    0.8333333134651184,
    0.8583333492279053,
    0.875,
    0.875,
    0.875,
    0.875,
    0.875,
    0.875,
    0.8833333253860474,
    0.8916666507720947,
    0.8916666507720947,
    0.8833333253860474
  ],
  "val_loss": [
    0.5718032717704773,
    0.4717697501182556,
    0.4122520983219147,
    0.37284955382347107,
    0.3461458086967468,
    0.32559171319007874,
    0.3122304677963257,
    0.30203068256378174,
    0.2941848635673523,
    0.28664812445640564,
    0.28723907470703125,
    0.2872582674026489,
    0.2872445285320282,
    0.2868207097053528
  ]
}