{
  "accuracy": [
    0.5270833373069763,
    0.7104166746139526,
    0.8208333253860474,
    0.8666666746139526,
    0.8666666746139526,
    0.8916666507720947,
    0.8916666507720947,
    0.9229166507720947
  ],
  "loss": [
    0.945980966091156,
    0.5777064561843872,
    0.4306109845638275,
    0.3745874762535095,
    0.3372604548931122,
    0.28300049901008606,
    0.25675222277641296,
    0.23612846434116364
  ],
  "val_accuracy": [
    0.7166666388511658,
    0.800000011920929,
    0.8583333492279053,
    0.8666666746139526,
    0.8666666746139526,
    0.8833333253860474,
    0.8666666746139526,
    0.875
  ],
  "val_loss": [
    0.5290858149528503,
    0.4474504590034485,
    0.3744313418865204,
    0.35848602652549744,
    0.3558168113231659,
    0.3348950743675232,
    0.35124900937080383,
    0.3373816907405853
  ],
  "learning_rate": [
    0.0010000000474974513,
    0.0010000000474974513,
    0.0010000000474974513,
    0.0010000000474974513,
    0.0010000000474974513,
    0.0010000000474974513,
    0.0010000000474974513,
    0.0010000000474974513
  ]
}